No.,Time,Source,Destination,Protocol,Length,Info,Frame Type,Frame Control Field
1,0,0x0005,0x0008,6LoWPAN,48,"Data, Dst: 0x0008, Src: 0x0005",0x00000001,0x00008861
2,0.426306,0x0005,0x0008,LwMesh,48,Encrypted data (24 byte(s)) NO DECRYPT KEY,0x00000001,0x00008861
3,0.42657,,,IEEE 802.15.4,5,Ack,0x00000002,0x00000002
4,2.703484,0x0005,0x0008,LwMesh,48,Encrypted data (24 byte(s)) NO DECRYPT KEY,0x00000001,0x00008861
5,2.703781,,,IEEE 802.15.4,5,Ack,0x00000002,0x00000002
6,4.980548,0x0005,0x0008,LwMesh,48,"Lightweight Mesh, Nwk_Dst: 0x6564, Nwk_Src: 0x6f6e",0x00000001,0x00008861
7,4.980915,,,IEEE 802.15.4,5,Ack,0x00000002,0x00000002
8,7.253029,0x0005,0x0008,IEEE 802.15.4,48,"Data, Dst: 0x0008, Src: 0x0005, Bad FCS",0x00000001,0x00008861
9,7.253353,,,IEEE 802.15.4,5,Ack,0x00000002,0x00000002
10,9.530688,0x0005,0x0008,LwMesh,48,Encrypted data (24 byte(s)) NO DECRYPT KEY,0x00000001,0x00008861
11,9.531132,,,IEEE 802.15.4,5,Ack,0x00000002,0x00000002
12,11.804008,0x0005,0x0008,LwMesh,48,Encrypted data (24 byte(s)) NO DECRYPT KEY,0x00000001,0x00008861
13,11.804487,,,IEEE 802.15.4,5,Ack,0x00000002,0x00000002
14,14.081412,0x0005,0x0008,IEEE 802.15.4,48,"Data, Dst: 0x0008, Src: 0x0005",0x00000001,0x00008861
15,14.081646,,,IEEE 802.15.4,5,Ack,0x00000002,0x00000002
16,16.354961,0x0005,0x0008,IEEE 802.15.4,48,"Data, Dst: 0x0008, Src: 0x0005",0x00000001,0x00008861
17,16.355258,,,IEEE 802.15.4,5,Ack,0x00000002,0x00000002
18,18.632931,0x0005,0x0008,IEEE 802.15.4,48,"Data, Dst: 0x0008, Src: 0x0005",0x00000001,0x00008861
19,18.633245,,,IEEE 802.15.4,5,Ack,0x00000002,0x00000002
20,20.906165,0x0005,0x0008,IEEE 802.15.4,48,"Data, Dst: 0x0008, Src: 0x0005",0x00000001,0x00008861
21,20.906596,,,IEEE 802.15.4,5,Ack,0x00000002,0x00000002
22,23.183642,0x0005,0x0008,IEEE 802.15.4,48,"Data, Dst: 0x0008, Src: 0x0005",0x00000001,0x00008861
23,23.183955,,,IEEE 802.15.4,5,Ack,0x00000002,0x00000002
24,25.457389,0x0005,0x0008,IEEE 802.15.4,48,"Data, Dst: 0x0008, Src: 0x0005",0x00000001,0x00008861
25,25.457845,,,IEEE 802.15.4,5,Ack,0x00000002,0x00000002
26,27.735094,0x0005,0x0008,IEEE 802.15.4,48,"Data, Dst: 0x0008, Src: 0x0005",0x00000001,0x00008861
27,27.735578,,,IEEE 802.15.4,5,Ack,0x00000002,0x00000002
28,30.0082,0x0005,0x0008,IEEE 802.15.4,48,"Data, Dst: 0x0008, Src: 0x0005",0x00000001,0x00008861
29,30.008524,,,IEEE 802.15.4,5,Ack,0x00000002,0x00000002
30,32.284821,0x0005,0x0008,IEEE 802.15.4,48,"Data, Dst: 0x0008, Src: 0x0005",0x00000001,0x00008861
31,32.28511,,,IEEE 802.15.4,5,Ack,0x00000002,0x00000002
32,34.562299,0x0005,0x0008,IEEE 802.15.4,48,"Data, Dst: 0x0008, Src: 0x0005",0x00000001,0x00008861
33,34.562586,,,IEEE 802.15.4,5,Ack,0x00000002,0x00000002
34,36.834651,0x0005,0x0008,IEEE 802.15.4,48,"Data, Dst: 0x0008, Src: 0x0005",0x00000001,0x00008861
35,36.835111,,,IEEE 802.15.4,5,Ack,0x00000002,0x00000002
36,39.112744,0x0005,0x0008,IEEE 802.15.4,48,"Data, Dst: 0x0008, Src: 0x0005",0x00000001,0x00008861
37,39.113055,,,IEEE 802.15.4,5,Ack,0x00000002,0x00000002
38,41.386098,0x0005,0x0008,IEEE 802.15.4,48,"Data, Dst: 0x0008, Src: 0x0005",0x00000001,0x00008861
39,41.38639,,,IEEE 802.15.4,5,Ack,0x00000002,0x00000002
40,43.664334,0x0005,0x0008,IEEE 802.15.4,48,"Data, Dst: 0x0008, Src: 0x0005",0x00000001,0x00008861
41,43.664673,,,IEEE 802.15.4,5,Ack,0x00000002,0x00000002
42,45.936914,0x0005,0x0008,IEEE 802.15.4,48,"Data, Dst: 0x0008, Src: 0x0005",0x00000001,0x00008861
43,45.937353,,,IEEE 802.15.4,5,Ack,0x00000002,0x00000002
44,48.214774,0x0005,0x0008,IEEE 802.15.4,48,"Data, Dst: 0x0008, Src: 0x0005",0x00000001,0x00008861
45,48.215085,,,IEEE 802.15.4,5,Ack,0x00000002,0x00000002
46,50.487925,0x0005,0x0008,IEEE 802.15.4,48,"Data, Dst: 0x0008, Src: 0x0005",0x00000001,0x00008861
47,50.488352,,,IEEE 802.15.4,5,Ack,0x00000002,0x00000002
48,52.765484,0x0005,0x0008,IEEE 802.15.4,48,"Data, Dst: 0x0008, Src: 0x0005",0x00000001,0x00008861
49,52.765795,,,IEEE 802.15.4,5,Ack,0x00000002,0x00000002
50,55.039083,0x0005,0x0008,IEEE 802.15.4,48,"Data, Dst: 0x0008, Src: 0x0005",0x00000001,0x00008861
51,55.039397,,,IEEE 802.15.4,5,Ack,0x00000002,0x00000002
52,57.316681,0x0005,0x0008,IEEE 802.15.4,48,"Data, Dst: 0x0008, Src: 0x0005",0x00000001,0x00008861
53,57.316995,,,IEEE 802.15.4,5,Ack,0x00000002,0x00000002
54,59.590439,0x0005,0x0008,IEEE 802.15.4,48,"Data, Dst: 0x0008, Src: 0x0005",0x00000001,0x00008861
55,59.590893,,,IEEE 802.15.4,5,Ack,0x00000002,0x00000002
56,61.867404,0x0005,0x0008,IEEE 802.15.4,48,"Data, Dst: 0x0008, Src: 0x0005",0x00000001,0x00008861
57,61.867695,,,IEEE 802.15.4,5,Ack,0x00000002,0x00000002
58,64.141369,0x0005,0x0008,IEEE 802.15.4,48,"Data, Dst: 0x0008, Src: 0x0005",0x00000001,0x00008861
59,64.141684,,,IEEE 802.15.4,5,Ack,0x00000002,0x00000002
60,66.418661,0x0005,0x0008,IEEE 802.15.4,48,"Data, Dst: 0x0008, Src: 0x0005",0x00000001,0x00008861
61,66.419054,,,IEEE 802.15.4,5,Ack,0x00000002,0x00000002
62,68.692512,0x0005,0x0008,IEEE 802.15.4,48,"Data, Dst: 0x0008, Src: 0x0005",0x00000001,0x00008861
63,68.69289,,,IEEE 802.15.4,5,Ack,0x00000002,0x00000002
64,70.969674,0x0005,0x0008,IEEE 802.15.4,48,"Data, Dst: 0x0008, Src: 0x0005",0x00000001,0x00008861
65,70.970111,,,IEEE 802.15.4,5,Ack,0x00000002,0x00000002
66,73.243521,0x0005,0x0008,IEEE 802.15.4,48,"Data, Dst: 0x0008, Src: 0x0005",0x00000001,0x00008861
67,73.243839,,,IEEE 802.15.4,5,Ack,0x00000002,0x00000002
68,75.521129,0x0005,0x0008,IEEE 802.15.4,48,"Data, Dst: 0x0008, Src: 0x0005",0x00000001,0x00008861
69,75.521443,,,IEEE 802.15.4,5,Ack,0x00000002,0x00000002
70,77.794897,0x0005,0x0008,IEEE 802.15.4,48,"Data, Dst: 0x0008, Src: 0x0005",0x00000001,0x00008861
71,77.795343,,,IEEE 802.15.4,5,Ack,0x00000002,0x00000002
72,80.072724,0x0005,0x0008,IEEE 802.15.4,48,"Data, Dst: 0x0008, Src: 0x0005",0x00000001,0x00008861
73,80.073173,,,IEEE 802.15.4,5,Ack,0x00000002,0x00000002
74,82.346107,0x0005,0x0008,IEEE 802.15.4,48,"Data, Dst: 0x0008, Src: 0x0005",0x00000001,0x00008861
75,82.346526,,,IEEE 802.15.4,5,Ack,0x00000002,0x00000002
76,84.623043,0x0005,0x0008,IEEE 802.15.4,48,"Data, Dst: 0x0008, Src: 0x0005",0x00000001,0x00008861
77,84.623357,,,IEEE 802.15.4,5,Ack,0x00000002,0x00000002
78,86.897024,0x0005,0x0008,IEEE 802.15.4,48,"Data, Dst: 0x0008, Src: 0x0005",0x00000001,0x00008861
79,86.897337,,,IEEE 802.15.4,5,Ack,0x00000002,0x00000002
80,89.173892,0x0005,0x0008,IEEE 802.15.4,48,"Data, Dst: 0x0008, Src: 0x0005",0x00000001,0x00008861
81,89.174182,,,IEEE 802.15.4,5,Ack,0x00000002,0x00000002
82,91.447873,0x0005,0x0008,IEEE 802.15.4,48,"Data, Dst: 0x0008, Src: 0x0005",0x00000001,0x00008861
83,91.448333,,,IEEE 802.15.4,5,Ack,0x00000002,0x00000002
84,93.725846,0x0005,0x0008,IEEE 802.15.4,48,"Data, Dst: 0x0008, Src: 0x0005",0x00000001,0x00008861
85,93.726136,,,IEEE 802.15.4,5,Ack,0x00000002,0x00000002
86,95.999041,0x0005,0x0008,IEEE 802.15.4,48,"Data, Dst: 0x0008, Src: 0x0005",0x00000001,0x00008861
87,95.99942,,,IEEE 802.15.4,5,Ack,0x00000002,0x00000002
88,98.276304,0x0005,0x0008,IEEE 802.15.4,48,"Data, Dst: 0x0008, Src: 0x0005",0x00000001,0x00008861
89,98.276597,,,IEEE 802.15.4,5,Ack,0x00000002,0x00000002
90,100.550421,0x0005,0x0008,IEEE 802.15.4,48,"Data, Dst: 0x0008, Src: 0x0005",0x00000001,0x00008861
91,100.550873,,,IEEE 802.15.4,5,Ack,0x00000002,0x00000002
92,102.828138,0x0005,0x0008,IEEE 802.15.4,48,"Data, Dst: 0x0008, Src: 0x0005",0x00000001,0x00008861
93,102.828428,,,IEEE 802.15.4,5,Ack,0x00000002,0x00000002
94,105.101621,0x0005,0x0008,IEEE 802.15.4,48,"Data, Dst: 0x0008, Src: 0x0005",0x00000001,0x00008861
95,105.102078,,,IEEE 802.15.4,5,Ack,0x00000002,0x00000002
96,107.378575,0x0005,0x0008,IEEE 802.15.4,48,"Data, Dst: 0x0008, Src: 0x0005",0x00000001,0x00008861
97,107.378891,,,IEEE 802.15.4,5,Ack,0x00000002,0x00000002
98,109.65606,0x0005,0x0008,IEEE 802.15.4,48,"Data, Dst: 0x0008, Src: 0x0005",0x00000001,0x00008861
99,109.656534,,,IEEE 802.15.4,5,Ack,0x00000002,0x00000002
100,111.928145,0x0005,0x0008,IEEE 802.15.4,48,"Data, Dst: 0x0008, Src: 0x0005",0x00000001,0x00008861
101,111.928465,,,IEEE 802.15.4,5,Ack,0x00000002,0x00000002
102,114.20563,0x0005,0x0008,IEEE 802.15.4,48,"Data, Dst: 0x0008, Src: 0x0005",0x00000001,0x00008861
103,114.205941,,,IEEE 802.15.4,5,Ack,0x00000002,0x00000002
104,116.479463,0x0005,0x0008,IEEE 802.15.4,48,"Data, Dst: 0x0008, Src: 0x0005",0x00000001,0x00008861
105,116.479841,,,IEEE 802.15.4,5,Ack,0x00000002,0x00000002
106,118.757209,0x0005,0x0008,IEEE 802.15.4,48,"Data, Dst: 0x0008, Src: 0x0005",0x00000001,0x00008861
107,118.757693,,,IEEE 802.15.4,5,Ack,0x00000002,0x00000002
108,121.033936,0x0005,0x0008,IEEE 802.15.4,48,"Data, Dst: 0x0008, Src: 0x0005",0x00000001,0x00008861
109,121.034254,,,IEEE 802.15.4,5,Ack,0x00000002,0x00000002
110,123.306317,0x0005,0x0008,IEEE 802.15.4,48,"Data, Dst: 0x0008, Src: 0x0005",0x00000001,0x00008861
111,123.306767,,,IEEE 802.15.4,5,Ack,0x00000002,0x00000002
112,125.584042,0x0005,0x0008,IPv6,48,"Bogus IPv6 version (0, must be 6)",0x00000001,0x00008861
113,125.584498,,,IEEE 802.15.4,5,Ack,0x00000002,0x00000002
114,127.857411,0x0005,0x0008,6LoWPAN,48,"Data, Dst: 0x0008, Src: 0x0005[Malformed Packet]",0x00000001,0x00008861
115,127.857853,,,IEEE 802.15.4,5,Ack,0x00000002,0x00000002
116,130.13437,0x0005,0x0008,IEEE 802.15.4,48,"Data, Dst: 0x0008, Src: 0x0005",0x00000001,0x00008861
117,130.134697,,,IEEE 802.15.4,5,Ack,0x00000002,0x00000002
118,132.408207,0x6564,0x6f6e,ZigBee ,48,"APS: Data, Dst Endpt: 104, Src Endpt: 44",0x00000001,0x00008861
119,132.408507,,,IEEE 802.15.4,5,Ack,0x00000002,0x00000002
120,134.685531,0x6564,0x6f6e,ZigBee,48,Unknown Command,0x00000001,0x00008861
121,134.685868,,,IEEE 802.15.4,5,Ack,0x00000002,0x00000002
122,136.962156,0x0005,0x0008,IEEE 802.15.4,48,"Data, Dst: 0x0008, Src: 0x0005",0x00000001,0x00008861
123,136.962427,,,IEEE 802.15.4,5,Ack,0x00000002,0x00000002
124,139.238268,0x0005,0x0008,IEEE 802.15.4,48,"Data, Dst: 0x0008, Src: 0x0005",0x00000001,0x00008861
125,139.23875,,,IEEE 802.15.4,5,Ack,0x00000002,0x00000002
126,141.510761,0x6564,0x6f6e,ZigBee,48,APS: Data,0x00000001,0x00008861
127,141.51105,,,IEEE 802.15.4,5,Ack,0x00000002,0x00000002
128,143.788484,0x6564,0x6f6e,ZigBee,48,Unknown Command,0x00000001,0x00008861
129,143.788949,,,IEEE 802.15.4,5,Ack,0x00000002,0x00000002
130,146.062263,0x0005,0x0008,IEEE 802.15.4,48,"Data, Dst: 0x0008, Src: 0x0005",0x00000001,0x00008861
131,146.062722,,,IEEE 802.15.4,5,Ack,0x00000002,0x00000002
132,148.337406,0x0005,0x0008,IEEE 802.15.4,48,"Data, Dst: 0x0008, Src: 0x0005",0x00000001,0x00008861
133,148.337684,,,IEEE 802.15.4,5,Ack,0x00000002,0x00000002
134,150.613393,0x0005,0x0008,IEEE 802.15.4,48,"Data, Dst: 0x0008, Src: 0x0005",0x00000001,0x00008861
135,150.613734,,,IEEE 802.15.4,5,Ack,0x00000002,0x00000002
136,152.888229,0x0005,0x0008,IEEE 802.15.4,48,"Data, Dst: 0x0008, Src: 0x0005",0x00000001,0x00008861
137,152.888567,,,IEEE 802.15.4,5,Ack,0x00000002,0x00000002
138,155.16491,0x0005,0x0008,IEEE 802.15.4,48,"Data, Dst: 0x0008, Src: 0x0005",0x00000001,0x00008861
139,155.165354,,,IEEE 802.15.4,5,Ack,0x00000002,0x00000002
140,157.442186,0x0005,0x0008,IEEE 802.15.4,48,"Data, Dst: 0x0008, Src: 0x0005",0x00000001,0x00008861
141,157.442522,,,IEEE 802.15.4,5,Ack,0x00000002,0x00000002
142,159.715148,0x0005,0x0008,6LoWPAN,48,"Data, Dst: 0x0008, Src: 0x0005",0x00000001,0x00008861
143,159.71554,,,IEEE 802.15.4,5,Ack,0x00000002,0x00000002
144,161.992185,0x0005,0x0008,IEEE 802.15.4,48,"Data, Dst: 0x0008, Src: 0x0005",0x00000001,0x00008861
145,161.992426,,,IEEE 802.15.4,5,Ack,0x00000002,0x00000002
146,164.266232,0x0005,0x0008,IEEE 802.15.4,48,"Data, Dst: 0x0008, Src: 0x0005",0x00000001,0x00008861
147,164.26662,,,IEEE 802.15.4,5,Ack,0x00000002,0x00000002
148,166.543372,0x0005,0x0008,IEEE 802.15.4,48,"Data, Dst: 0x0008, Src: 0x0005",0x00000001,0x00008861
149,166.543684,,,IEEE 802.15.4,5,Ack,0x00000002,0x00000002
150,168.820876,0x0005,0x0008,IEEE 802.15.4,48,"Data, Dst: 0x0008, Src: 0x0005",0x00000001,0x00008861
151,168.821167,,,IEEE 802.15.4,5,Ack,0x00000002,0x00000002
152,171.095578,0x0005,0x0008,IEEE 802.15.4,48,"Data, Dst: 0x0008, Src: 0x0005",0x00000001,0x00008861
153,171.095892,,,IEEE 802.15.4,5,Ack,0x00000002,0x00000002
154,173.368547,0x0005,0x0008,IEEE 802.15.4,48,"Data, Dst: 0x0008, Src: 0x0005",0x00000001,0x00008861
155,173.368867,,,IEEE 802.15.4,5,Ack,0x00000002,0x00000002
156,175.645185,0x0005,0x0008,IEEE 802.15.4,48,"Data, Dst: 0x0008, Src: 0x0005",0x00000001,0x00008861
157,175.645478,,,IEEE 802.15.4,5,Ack,0x00000002,0x00000002
158,177.921127,0x0005,0x0008,IEEE 802.15.4,48,"Data, Dst: 0x0008, Src: 0x0005",0x00000001,0x00008861
159,177.921454,,,IEEE 802.15.4,5,Ack,0x00000002,0x00000002
160,180.196589,0x0005,0x0008,IEEE 802.15.4,48,"Data, Dst: 0x0008, Src: 0x0005",0x00000001,0x00008861
161,180.197051,,,IEEE 802.15.4,5,Ack,0x00000002,0x00000002
162,182.470992,0x0005,0x0008,IEEE 802.15.4,48,"Data, Dst: 0x0008, Src: 0x0005",0x00000001,0x00008861
163,182.471448,,,IEEE 802.15.4,5,Ack,0x00000002,0x00000002
164,184.748967,0x0005,0x0008,IEEE 802.15.4,48,"Data, Dst: 0x0008, Src: 0x0005",0x00000001,0x00008861
165,184.749254,,,IEEE 802.15.4,5,Ack,0x00000002,0x00000002
166,187.022543,0x0005,0x0008,IEEE 802.15.4,48,"Data, Dst: 0x0008, Src: 0x0005",0x00000001,0x00008861
167,187.023032,,,IEEE 802.15.4,5,Ack,0x00000002,0x00000002
168,189.2999,0x0005,0x0008,IEEE 802.15.4,48,"Data, Dst: 0x0008, Src: 0x0005",0x00000001,0x00008861
169,189.300214,,,IEEE 802.15.4,5,Ack,0x00000002,0x00000002
170,191.573378,0x0005,0x0008,IEEE 802.15.4,48,"Data, Dst: 0x0008, Src: 0x0005",0x00000001,0x00008861
171,191.573692,,,IEEE 802.15.4,5,Ack,0x00000002,0x00000002
172,193.850608,0x0005,0x0008,IEEE 802.15.4,48,"Data, Dst: 0x0008, Src: 0x0005",0x00000001,0x00008861
173,193.851068,,,IEEE 802.15.4,5,Ack,0x00000002,0x00000002
174,196.125002,0x0005,0x0008,6LoWPAN,48,"Data, Dst: 0x0008, Src: 0x0005[Malformed Packet]",0x00000001,0x00008861
175,196.125443,,,IEEE 802.15.4,5,Ack,0x00000002,0x00000002
176,198.402961,0x0005,0x0008,6LoWPAN,48,"Data, Dst: 0x0008, Src: 0x0005[Malformed Packet]",0x00000001,0x00008861
177,198.403416,,,IEEE 802.15.4,5,Ack,0x00000002,0x00000002
178,200.675789,0x0005,0x0008,6LoWPAN,48,"Data, Dst: 0x0008, Src: 0x0005[Malformed Packet]",0x00000001,0x00008861
179,200.676103,,,IEEE 802.15.4,5,Ack,0x00000002,0x00000002
180,202.953518,0x0005,0x0008,6LoWPAN,48,"Data, Dst: 0x0008, Src: 0x0005[Malformed Packet]",0x00000001,0x00008861
181,202.953831,,,IEEE 802.15.4,5,Ack,0x00000002,0x00000002
182,205.230268,0x0005,0x0008,6LoWPAN,48,"Data, Dst: 0x0008, Src: 0x0005[Malformed Packet]",0x00000001,0x00008861
183,205.230557,,,IEEE 802.15.4,5,Ack,0x00000002,0x00000002
184,207.502859,0x0005,0x0008,6LoWPAN,48,"Data, Dst: 0x0008, Src: 0x0005[Malformed Packet]",0x00000001,0x00008861
185,207.503153,,,IEEE 802.15.4,5,Ack,0x00000002,0x00000002
186,209.780826,0x0005,0x0008,6LoWPAN,48,"Data, Dst: 0x0008, Src: 0x0005[Malformed Packet]",0x00000001,0x00008861
187,209.78114,,,IEEE 802.15.4,5,Ack,0x00000002,0x00000002
188,212.053933,0x0005,0x0008,6LoWPAN,48,"Data, Dst: 0x0008, Src: 0x0005[Malformed Packet]",0x00000001,0x00008861
189,212.054248,,,IEEE 802.15.4,5,Ack,0x00000002,0x00000002
190,214.330785,0x0005,0x0008,6LoWPAN,48,"Data, Dst: 0x0008, Src: 0x0005[Malformed Packet]",0x00000001,0x00008861
191,214.331101,,,IEEE 802.15.4,5,Ack,0x00000002,0x00000002
192,216.604899,0x0005,0x0008,6LoWPAN,48,"Data, Dst: 0x0008, Src: 0x0005[Malformed Packet]",0x00000001,0x00008861
193,216.605214,,,IEEE 802.15.4,5,Ack,0x00000002,0x00000002
194,218.881488,0x0005,0x0008,6LoWPAN,48,"Data, Dst: 0x0008, Src: 0x0005[Malformed Packet]",0x00000001,0x00008861
195,218.881795,,,IEEE 802.15.4,5,Ack,0x00000002,0x00000002
196,221.157567,0x0005,0x0008,6LoWPAN,48,"Data, Dst: 0x0008, Src: 0x0005[Malformed Packet]",0x00000001,0x00008861
197,221.157904,,,IEEE 802.15.4,5,Ack,0x00000002,0x00000002
198,223.434739,0x0005,0x0008,6LoWPAN,48,"Data, Dst: 0x0008, Src: 0x0005[Malformed Packet]",0x00000001,0x00008861
199,223.435155,,,IEEE 802.15.4,5,Ack,0x00000002,0x00000002
200,225.707698,0x0005,0x0008,6LoWPAN,48,"Data, Dst: 0x0008, Src: 0x0005[Malformed Packet]",0x00000001,0x00008861
201,225.708151,,,IEEE 802.15.4,5,Ack,0x00000002,0x00000002
202,227.985925,0x0005,0x0008,6LoWPAN,48,"Data, Dst: 0x0008, Src: 0x0005[Malformed Packet]",0x00000001,0x00008861
203,227.986381,,,IEEE 802.15.4,5,Ack,0x00000002,0x00000002
204,230.258689,0x0005,0x0008,6LoWPAN,48,"Data, Dst: 0x0008, Src: 0x0005[Malformed Packet]",0x00000001,0x00008861
205,230.259089,,,IEEE 802.15.4,5,Ack,0x00000002,0x00000002
206,232.536981,6535:2c64:6874:3131:2c32:342e:3030:2c33,392e:3030:2c30:2c30:2c30:2c30:2c30:d0a,IPv6,48,Unknown IP Protocol: IPX IN IP (111),0x00000001,0x00008861
207,232.537298,,,IEEE 802.15.4,5,Ack,0x00000002,0x00000002
208,234.809871,6465:352c:6468:7431:312c:3234:2e30:302c,3430:2e30:302c:302c:302c:302c:302c:300d,IPv6,48,Unknown IP Protocol: IPX IN IP (111),0x00000001,0x00008861
209,234.810315,,,IEEE 802.15.4,5,Ack,0x00000002,0x00000002
210,237.088436,6465:352c:6468:7431:312c:3234:2e30:302c,3339:2e30:302c:302c:302c:302c:302c:300d,IPv6,48,Unknown IP Protocol: IPX IN IP (111),0x00000001,0x00008861
211,237.088748,,,IEEE 802.15.4,5,Ack,0x00000002,0x00000002
212,239.36107,6465:352c:6468:7431:312c:3234:2e30:302c,3432:2e30:302c:302c:302c:302c:302c:300d,IPv6,48,Unknown IP Protocol: IPX IN IP (111),0x00000001,0x00008861
213,239.361524,,,IEEE 802.15.4,5,Ack,0x00000002,0x00000002
214,241.639642,6465:352c:6468:7431:312c:3234:2e30:302c,3432:2e30:302c:302c:302c:302c:302c:300d,IPv6,48,IPv6 no next header,0x00000001,0x00008861
215,241.639956,,,IEEE 802.15.4,5,Ack,0x00000002,0x00000002
216,243.912023,6f64:6535:2c64:6874:3131:2c32:342e:3030,2c33:392e:3030:2c30:2c30:2c30:2c30:2c30,IPv6,48,IPv6 no next header,0x00000001,0x00008861
217,243.912482,,,IEEE 802.15.4,5,Ack,0x00000002,0x00000002
218,246.190993,6f64:6535:2c64:6874:3131:2c32:342e:3030,2c33:392e:3030:2c30:2c30:2c30:2c30:2c30,IPv6,48,IPv6 no next header,0x00000001,0x00008861
219,246.191455,,,IEEE 802.15.4,5,Ack,0x00000002,0x00000002
220,248.463602,6f64:6535:2c64:6874:3131:2c32:342e:3030,2c33:392e:3030:2c30:2c30:2c30:2c30:2c30,IPv6,48,IPv6 no next header,0x00000001,0x00008861
221,248.464056,,,IEEE 802.15.4,5,Ack,0x00000002,0x00000002
222,250.740078,6465:352c:6468:7431:312c:3234:2e30:302c,3430:2e30:302c:302c:302c:302c:302c:300d,IPv6,48,Unknown IP Protocol: Compaq Peer (110),0x00000001,0x00008861
223,250.740369,,,IEEE 802.15.4,5,Ack,0x00000002,0x00000002
224,253.017683,6f64:6535:2c64:6874:3131:2c32:342e:3030,2c33:392e:3030:2c30:2c30:2c30:2c30:2c30,IPv6,48,Unknown IP Protocol: Compaq Peer (110),0x00000001,0x00008861
225,253.018137,,,IEEE 802.15.4,5,Ack,0x00000002,0x00000002
226,255.290159,6f64:6535:2c64:6874:3131:2c32:342e:3030,2c34:312e:3030:2c30:2c30:2c30:2c30:2c30,IPv6,48,Unknown IP Protocol: Compaq Peer (110),0x00000001,0x00008861
227,255.290614,,,IEEE 802.15.4,5,Ack,0x00000002,0x00000002
228,257.565753,6f64:6535:2c64:6874:3131:2c32:342e:3030,2c33:392e:3030:2c30:2c30:2c30:2c30:2c30,IPv6,48,Unknown IP Protocol: Compaq Peer (110),0x00000001,0x00008861
229,257.566047,,,IEEE 802.15.4,5,Ack,0x00000002,0x00000002
230,259.842991,6f64:6535:2c64:6874:3131:2c32:342e:3030,2c34:312e:3030:2c30:2c30:2c30:2c30:2c30,IPv6,48,IPv6 no next header,0x00000001,0x00008861
231,259.843447,,,IEEE 802.15.4,5,Ack,0x00000002,0x00000002
232,262.116723,6e6f:6465:352c:6468:7431:312c:3234:2e30,302c:3432:2e30:302c:302c:302c:302c:302c,IPv6,48,IPv6 no next header,0x00000001,0x00008861
233,262.117175,,,IEEE 802.15.4,5,Ack,0x00000002,0x00000002
234,264.393944,6e6f:6465:352c:6468:7431:312c:3234:2e30,302c:3339:2e30:302c:302c:302c:302c:302c,IPv6,48,IPv6 no next header,0x00000001,0x00008861
235,264.394234,,,IEEE 802.15.4,5,Ack,0x00000002,0x00000002
236,266.66867,6e6f:6465:352c:6468:7431:312c:3234:2e30,302c:3431:2e30:302c:302c:302c:302c:302c,IPv6,48,IPv6 no next header,0x00000001,0x00008861
237,266.668963,,,IEEE 802.15.4,5,Ack,0x00000002,0x00000002
238,268.945151,0x0005,0x0008,IEEE 802.15.4,48,"Data, Dst: 0x0008, Src: 0x0005",0x00000001,0x00008861
239,268.945441,,,IEEE 802.15.4,5,Ack,0x00000002,0x00000002
240,271.218961,0x0005,0x0008,IEEE 802.15.4,48,"Data, Dst: 0x0008, Src: 0x0005",0x00000001,0x00008861
241,271.219296,,,IEEE 802.15.4,5,Ack,0x00000002,0x00000002
242,273.4965,0x0005,0x0008,IEEE 802.15.4,48,"Data, Dst: 0x0008, Src: 0x0005",0x00000001,0x00008861
243,273.496754,,,IEEE 802.15.4,5,Ack,0x00000002,0x00000002
244,275.773393,0x0005,0x0008,IEEE 802.15.4,48,"Data, Dst: 0x0008, Src: 0x0005",0x00000001,0x00008861
245,275.773743,,,IEEE 802.15.4,5,Ack,0x00000002,0x00000002
246,278.045404,0x6564,0x6f6e,ZigBee ,48,"APS: Data, Dst Endpt: 104, Src Endpt: 44",0x00000001,0x00008861
247,278.045733,,,IEEE 802.15.4,5,Ack,0x00000002,0x00000002
248,280.323283,0x6564,0x6f6e,ZigBee,48,Unknown Command,0x00000001,0x00008861
249,280.323575,,,IEEE 802.15.4,5,Ack,0x00000002,0x00000002
250,282.596244,0x0005,0x0008,IEEE 802.15.4,48,"Data, Dst: 0x0008, Src: 0x0005",0x00000001,0x00008861
251,282.596557,,,IEEE 802.15.4,5,Ack,0x00000002,0x00000002
252,284.873992,0x0005,0x0008,IEEE 802.15.4,48,"Data, Dst: 0x0008, Src: 0x0005",0x00000001,0x00008861
253,284.874282,,,IEEE 802.15.4,5,Ack,0x00000002,0x00000002
254,287.150579,0x6564,0x6f6e,ZigBee,48,APS: Data,0x00000001,0x00008861
255,287.151038,,,IEEE 802.15.4,5,Ack,0x00000002,0x00000002
256,289.422832,0x6564,0x6f6e,ZigBee,48,Unknown Command,0x00000001,0x00008861
257,289.423284,,,IEEE 802.15.4,5,Ack,0x00000002,0x00000002
258,291.700304,0x0005,0x0008,IEEE 802.15.4,48,"Data, Dst: 0x0008, Src: 0x0005",0x00000001,0x00008861
259,291.700542,,,IEEE 802.15.4,5,Ack,0x00000002,0x00000002
260,293.973908,0x0005,0x0008,IEEE 802.15.4,48,"Data, Dst: 0x0008, Src: 0x0005",0x00000001,0x00008861
261,293.974366,,,IEEE 802.15.4,5,Ack,0x00000002,0x00000002
262,296.25201,0x0005,0x0008,IEEE 802.15.4,48,"Data, Dst: 0x0008, Src: 0x0005",0x00000001,0x00008861
263,296.252478,,,IEEE 802.15.4,5,Ack,0x00000002,0x00000002
264,298.524605,0x0005,0x0008,IEEE 802.15.4,48,"Data, Dst: 0x0008, Src: 0x0005",0x00000001,0x00008861
265,298.5249,,,IEEE 802.15.4,5,Ack,0x00000002,0x00000002
266,300.802338,0x0005,0x0008,IEEE 802.15.4,48,"Data, Dst: 0x0008, Src: 0x0005",0x00000001,0x00008861
267,300.802666,,,IEEE 802.15.4,5,Ack,0x00000002,0x00000002
268,303.075549,0x0005,0x0008,IEEE 802.15.4,48,"Data, Dst: 0x0008, Src: 0x0005",0x00000001,0x00008861
269,303.075874,,,IEEE 802.15.4,5,Ack,0x00000002,0x00000002
270,305.353294,0x0005,0x0008,IEEE 802.15.4,48,"Data, Dst: 0x0008, Src: 0x0005",0x00000001,0x00008861
271,305.353584,,,IEEE 802.15.4,5,Ack,0x00000002,0x00000002
272,307.626275,0x0005,0x0008,IEEE 802.15.4,48,"Data, Dst: 0x0008, Src: 0x0005",0x00000001,0x00008861
273,307.626731,,,IEEE 802.15.4,5,Ack,0x00000002,0x00000002
274,309.904121,0x0005,0x0008,IEEE 802.15.4,48,"Data, Dst: 0x0008, Src: 0x0005",0x00000001,0x00008861
275,309.904411,,,IEEE 802.15.4,5,Ack,0x00000002,0x00000002
276,312.177116,0x0005,0x0008,IEEE 802.15.4,48,"Data, Dst: 0x0008, Src: 0x0005",0x00000001,0x00008861
277,312.177535,,,IEEE 802.15.4,5,Ack,0x00000002,0x00000002
278,314.455453,0x0005,0x0008,IEEE 802.15.4,48,"Data, Dst: 0x0008, Src: 0x0005",0x00000001,0x00008861
279,314.455917,,,IEEE 802.15.4,5,Ack,0x00000002,0x00000002
280,316.727698,0x0005,0x0008,IEEE 802.15.4,48,"Data, Dst: 0x0008, Src: 0x0005",0x00000001,0x00008861
281,316.728143,,,IEEE 802.15.4,5,Ack,0x00000002,0x00000002
282,319.004664,0x0005,0x0008,IEEE 802.15.4,48,"Data, Dst: 0x0008, Src: 0x0005",0x00000001,0x00008861
283,319.004902,,,IEEE 802.15.4,5,Ack,0x00000002,0x00000002
284,554.045192,0x0005,0x0008,IEEE 802.15.4,48,"Data, Dst: 0x0008, Src: 0x0005",0x00000001,0x00008861
285,554.977832,0x0014,0x0007,LwMesh,50,Encrypted data (28 byte(s)) NO DECRYPT KEY,0x00000001,0x00008861
286,554.978168,,,IEEE 802.15.4,5,Ack,0x00000002,0x00000002
287,557.251734,0x6564,0x6f6e,ZigBee ,50,"APS: Data, Dst Endpt: 104, Src Endpt: 95",0x00000001,0x00008861
288,557.252187,,,IEEE 802.15.4,5,Ack,0x00000002,0x00000002
289,559.525716,0x6564,0x6f6e,ZigBee,50,Unknown Command,0x00000001,0x00008861
290,559.526169,,,IEEE 802.15.4,5,Ack,0x00000002,0x00000002
291,561.799403,0x0014,0x0007,LwMesh,50,Encrypted data (28 byte(s)) NO DECRYPT KEY,0x00000001,0x00008861
292,561.799773,,,IEEE 802.15.4,5,Ack,0x00000002,0x00000002
293,564.075638,0x0014,0x0007,LwMesh,50,Encrypted data (28 byte(s)) NO DECRYPT KEY,0x00000001,0x00008861
294,564.075906,,,IEEE 802.15.4,5,Ack,0x00000002,0x00000002
295,566.347388,0x6564,0x6f6e,ZigBee,50,APS: Data,0x00000001,0x00008861
296,566.347861,,,IEEE 802.15.4,5,Ack,0x00000002,0x00000002
297,568.62114,0x6564,0x6f6e,ZigBee,50,Unknown Command,0x00000001,0x00008861
298,568.621554,,,IEEE 802.15.4,5,Ack,0x00000002,0x00000002
299,570.897205,0x6014,0x0007,IEEE 802.15.4,50,"Data, Dst: 0x0007, Src: 0x6014, Bad FCS",0x00000001,0x00008861
300,570.897725,,,IEEE 802.15.4,5,Ack,0x00000002,0x00000002
301,573.168964,0x0014,0x0007,LwMesh,50,Encrypted data (26 byte(s)) NO DECRYPT KEY,0x00000001,0x00008861
302,573.169386,,,IEEE 802.15.4,5,Ack,0x00000002,0x00000002
303,575.445278,0x0014,0x0007,LwMesh,50,"Lightweight Mesh, Nwk_Dst: 0x6564, Nwk_Src: 0x6f6e",0x00000001,0x00008861
304,575.445758,,,IEEE 802.15.4,5,Ack,0x00000002,0x00000002
305,577.71679,0x0014,0x0007,LwMesh,50,"Lightweight Mesh, Nwk_Dst: 0x6564, Nwk_Src: 0x6f6e",0x00000001,0x00008861
306,577.71722,,,IEEE 802.15.4,5,Ack,0x00000002,0x00000002
307,579.993633,0x0014,0x0007,LwMesh,50,Encrypted data (26 byte(s)) NO DECRYPT KEY,0x00000001,0x00008861
308,579.994069,,,IEEE 802.15.4,5,Ack,0x00000002,0x00000002
309,582.264575,0x0014,0x0007,LwMesh,50,Encrypted data (26 byte(s)) NO DECRYPT KEY,0x00000001,0x00008861
310,582.264905,,,IEEE 802.15.4,5,Ack,0x00000002,0x00000002
311,584.541815,0x0014,0x0007,IEEE 802.15.4,50,"Data, Dst: 0x0007, Src: 0x0014, Bad FCS",0x00000001,0x00008861
312,584.542078,,,IEEE 802.15.4,5,Ack,0x00000002,0x00000002
313,586.81244,0x0014,0x0007,IEEE 802.15.4,50,"Data, Dst: 0x0007, Src: 0x0014",0x00000001,0x00008861
314,586.812901,,,IEEE 802.15.4,5,Ack,0x00000002,0x00000002
315,589.089299,0x0014,0x0007,IEEE 802.15.4,50,"Data, Dst: 0x0007, Src: 0x0014",0x00000001,0x00008861
316,589.08973,,,IEEE 802.15.4,5,Ack,0x00000002,0x00000002
317,591.360474,,,IEEE 802.15.4,5,Ack,0x00000002,0x00000002
318,595.908091,0x0014,0x0007,IEEE 802.15.4,50,"Data, Dst: 0x0007, Src: 0x0014",0x00000001,0x00008861
319,595.908559,,,IEEE 802.15.4,5,Ack,0x00000002,0x00000002
320,598.182093,0x0014,0x0007,IEEE 802.15.4,50,"Data, Dst: 0x0007, Src: 0x0014",0x00000001,0x00008861
321,598.182518,,,IEEE 802.15.4,5,Ack,0x00000002,0x00000002
322,600.456033,0x0014,0x0007,IEEE 802.15.4,50,"Data, Dst: 0x0007, Src: 0x0014",0x00000001,0x00008861
323,600.456512,,,IEEE 802.15.4,5,Ack,0x00000002,0x00000002
324,602.729786,0x0014,0x0007,IEEE 802.15.4,50,"Data, Dst: 0x0007, Src: 0x0014",0x00000001,0x00008861
325,602.730224,,,IEEE 802.15.4,5,Ack,0x00000002,0x00000002
326,605.007228,,,IEEE 802.15.4,5,Ack,0x00000002,0x00000002
327,607.277748,0x0014,0x0007,IEEE 802.15.4,50,"Data, Dst: 0x0007, Src: 0x0014, Bad FCS",0x00000001,0x00008861
328,607.278196,,,IEEE 802.15.4,5,Ack,0x00000002,0x00000002
329,609.555072,0x0014,0x0007,IEEE 802.15.4,50,"Data, Dst: 0x0007, Src: 0x0014",0x00000001,0x00008861
330,609.555551,,,IEEE 802.15.4,5,Ack,0x00000002,0x00000002
331,611.825692,0x0014,0x0007,IEEE 802.15.4,50,"Data, Dst: 0x0007, Src: 0x0014",0x00000001,0x00008861
332,611.82616,,,IEEE 802.15.4,5,Ack,0x00000002,0x00000002
333,614.099535,0x0014,0x0007,IEEE 802.15.4,50,"Data, Dst: 0x0007, Src: 0x0014",0x00000001,0x00008861
334,614.100007,,,IEEE 802.15.4,5,Ack,0x00000002,0x00000002
335,616.373517,0x0014,0x0007,IEEE 802.15.4,50,"Data, Dst: 0x0007, Src: 0x0014",0x00000001,0x00008861
336,616.373986,,,IEEE 802.15.4,5,Ack,0x00000002,0x00000002
337,618.647417,0x0014,0x0007,IEEE 802.15.4,50,"Data, Dst: 0x0007, Src: 0x0014",0x00000001,0x00008861
338,618.647796,,,IEEE 802.15.4,5,Ack,0x00000002,0x00000002
339,620.924585,0x0014,0x0007,IEEE 802.15.4,50,"Data, Dst: 0x0007, Src: 0x0014",0x00000001,0x00008861
340,620.925025,,,IEEE 802.15.4,5,Ack,0x00000002,0x00000002
341,623.195336,0x0014,0x0007,IEEE 802.15.4,50,"Data, Dst: 0x0007, Src: 0x0014",0x00000001,0x00008861
342,623.195796,,,IEEE 802.15.4,5,Ack,0x00000002,0x00000002
343,625.472172,0x0014,0x0007,IEEE 802.15.4,50,"Data, Dst: 0x0007, Src: 0x0014",0x00000001,0x00008861
344,625.472413,,,IEEE 802.15.4,5,Ack,0x00000002,0x00000002
345,627.743281,0x0014,0x0007,IEEE 802.15.4,50,"Data, Dst: 0x0007, Src: 0x0014",0x00000001,0x00008861
346,627.743755,,,IEEE 802.15.4,5,Ack,0x00000002,0x00000002
347,630.017144,0x0014,0x0007,IEEE 802.15.4,50,"Data, Dst: 0x0007, Src: 0x0014",0x00000001,0x00008861
348,630.0176,,,IEEE 802.15.4,5,Ack,0x00000002,0x00000002
349,632.292725,0x0014,0x0007,IEEE 802.15.4,50,"Data, Dst: 0x0007, Src: 0x0014",0x00000001,0x00008861
350,632.293045,,,IEEE 802.15.4,5,Ack,0x00000002,0x00000002
351,634.568206,0x0014,0x0007,IEEE 802.15.4,50,"Data, Dst: 0x0007, Src: 0x0014",0x00000001,0x00008861
352,634.568668,,,IEEE 802.15.4,5,Ack,0x00000002,0x00000002
353,636.838934,0x0014,0x0007,IEEE 802.15.4,50,"Data, Dst: 0x0007, Src: 0x0014",0x00000001,0x00008861
354,636.839409,,,IEEE 802.15.4,5,Ack,0x00000002,0x00000002
355,641.386871,0x0014,0x0007,IEEE 802.15.4,50,"Data, Dst: 0x0007, Src: 0x0014",0x00000001,0x00008861
356,641.387147,,,IEEE 802.15.4,5,Ack,0x00000002,0x00000002
357,645.934451,0x0014,0x0007,IEEE 802.15.4,50,"Data, Dst: 0x0007, Src: 0x0014",0x00000001,0x00008861
358,645.934714,,,IEEE 802.15.4,5,Ack,0x00000002,0x00000002
359,648.20838,0x0014,0x0007,IEEE 802.15.4,50,"Data, Dst: 0x0007, Src: 0x0014",0x00000001,0x00008861
360,648.208806,,,IEEE 802.15.4,5,Ack,0x00000002,0x00000002
361,650.485695,0x0014,0x0007,IEEE 802.15.4,50,"Data, Dst: 0x0007, Src: 0x0014",0x00000001,0x00008861
362,650.486155,,,IEEE 802.15.4,5,Ack,0x00000002,0x00000002
363,652.756177,0x0014,0x0007,IEEE 802.15.4,50,"Data, Dst: 0x0007, Src: 0x0014",0x00000001,0x00008861
364,652.756643,,,IEEE 802.15.4,5,Ack,0x00000002,0x00000002
365,655.033383,0x0014,0x0007,IEEE 802.15.4,50,"Data, Dst: 0x0007, Src: 0x0014",0x00000001,0x00008861
366,655.033643,,,IEEE 802.15.4,5,Ack,0x00000002,0x00000002
367,657.304356,,,IEEE 802.15.4,5,Ack,0x00000002,0x00000002
368,659.581435,,,IEEE 802.15.4,5,Ack,0x00000002,0x00000002
369,661.85245,,,IEEE 802.15.4,5,Ack,0x00000002,0x00000002
370,664.12939,,,IEEE 802.15.4,5,Ack,0x00000002,0x00000002
371,666.39975,0x0014,0x0007,IEEE 802.15.4,50,"Data, Dst: 0x0007, Src: 0x0014",0x00000001,0x00008861
372,666.400088,,,IEEE 802.15.4,5,Ack,0x00000002,0x00000002
373,668.677377,,,IEEE 802.15.4,5,Ack,0x00000002,0x00000002
374,670.947491,0x0014,0x0007,IEEE 802.15.4,50,"Data, Dst: 0x0007, Src: 0x0014",0x00000001,0x00008861
375,670.947955,,,IEEE 802.15.4,5,Ack,0x00000002,0x00000002
376,673.221309,0x0014,0x0007,IEEE 802.15.4,50,"Data, Dst: 0x0007, Src: 0x0014",0x00000001,0x00008861
377,673.221646,,,IEEE 802.15.4,5,Ack,0x00000002,0x00000002
378,675.498829,0x0014,0x0007,IEEE 802.15.4,50,"Data, Dst: 0x0007, Src: 0x0014",0x00000001,0x00008861
379,675.499266,,,IEEE 802.15.4,5,Ack,0x00000002,0x00000002
380,677.769143,0x0014,0x0117,IEEE 802.15.4,50,"Data, Dst: 0x0117, Src: 0x0014, Bad FCS",0x00000001,0x00008861
381,677.769482,,,IEEE 802.15.4,5,Ack,0x00000002,0x00000002
382,680.043116,0x0014,0x0007,IEEE 802.15.4,50,"Data, Dst: 0x0007, Src: 0x0014",0x00000001,0x00008861
383,680.043453,,,IEEE 802.15.4,5,Ack,0x00000002,0x00000002
384,682.316754,0x0014,0x0007,IEEE 802.15.4,50,"Data, Dst: 0x0007, Src: 0x0014",0x00000001,0x00008861
385,682.317219,,,IEEE 802.15.4,5,Ack,0x00000002,0x00000002
386,684.59078,0x0014,0x0007,IEEE 802.15.4,50,"Data, Dst: 0x0007, Src: 0x0014",0x00000001,0x00008861
387,684.591181,,,IEEE 802.15.4,5,Ack,0x00000002,0x00000002
388,686.864612,0x0014,0x0007,IEEE 802.15.4,50,"Data, Dst: 0x0007, Src: 0x0014",0x00000001,0x00008861
389,686.865031,,,IEEE 802.15.4,5,Ack,0x00000002,0x00000002
390,689.138468,0x0014,0x0007,IEEE 802.15.4,50,"Data, Dst: 0x0007, Src: 0x0014",0x00000001,0x00008861
391,689.138884,,,IEEE 802.15.4,5,Ack,0x00000002,0x00000002
392,691.415417,0x0014,0x0007,IEEE 802.15.4,50,"Data, Dst: 0x0007, Src: 0x0014",0x00000001,0x00008861
393,691.415886,,,IEEE 802.15.4,5,Ack,0x00000002,0x00000002
394,693.686313,0x0014,0x0007,IEEE 802.15.4,50,"Data, Dst: 0x0007, Src: 0x0014",0x00000001,0x00008861
395,693.686651,,,IEEE 802.15.4,5,Ack,0x00000002,0x00000002
396,695.960484,,,IEEE 802.15.4,5,Ack,0x00000002,0x00000002
397,698.234183,,,IEEE 802.15.4,5,Ack,0x00000002,0x00000002
398,700.510586,0x0014,0x0007,IEEE 802.15.4,50,"Data, Dst: 0x0007, Src: 0x0014, Bad FCS",0x00000001,0x00008861
399,700.511023,,,IEEE 802.15.4,5,Ack,0x00000002,0x00000002
400,702.781922,0x0014,0x0007,IEEE 802.15.4,50,"Data, Dst: 0x0007, Src: 0x0014, Bad FCS",0x00000001,0x00008861
401,702.782167,,,IEEE 802.15.4,5,Ack,0x00000002,0x00000002
402,705.05604,0x6564,0x6f6e,ZigBee,50,Unknown Command,0x00000001,0x00008861
403,705.056498,,,IEEE 802.15.4,5,Ack,0x00000002,0x00000002
404,707.329777,0x0014,0x0007,IEEE 802.15.4,50,"Data, Dst: 0x0007, Src: 0x0014",0x00000001,0x00008861
405,707.330227,,,IEEE 802.15.4,5,Ack,0x00000002,0x00000002
406,709.606768,,,IEEE 802.15.4,5,Ack,0x00000002,0x00000002
407,711.877932,,,IEEE 802.15.4,5,Ack,0x00000002,0x00000002
408,714.154808,0x6564,0x6f6e,ZigBee,50,Unknown Command,0x00000001,0x00008861
409,714.155056,,,IEEE 802.15.4,5,Ack,0x00000002,0x00000002
410,716.425658,,,IEEE 802.15.4,5,Ack,0x00000002,0x00000002
411,718.699191,0x0014,0x0007,IEEE 802.15.4,50,"Data, Dst: 0x0007, Src: 0x0014, Bad FCS",0x00000001,0x00008861
412,718.699592,,,IEEE 802.15.4,5,Ack,0x00000002,0x00000002
413,720.976366,,,IEEE 802.15.4,5,Ack,0x00000002,0x00000002
414,723.246759,0x0014,0x0007,IEEE 802.15.4,50,"Data, Dst: 0x0007, Src: 0x0014",0x00000001,0x00008861
415,723.247179,,,IEEE 802.15.4,5,Ack,0x00000002,0x00000002
416,727.794304,0x0014,0x0007,IEEE 802.15.4,50,"Data, Dst: 0x0007, Src: 0x0014",0x00000001,0x00008861
417,727.794783,,,IEEE 802.15.4,5,Ack,0x00000002,0x00000002
418,730.067909,0x0014,0x0007,6LoWPAN,50,"Data, Dst: 0x0007, Src: 0x0014",0x00000001,0x00008861
419,730.068151,,,IEEE 802.15.4,5,Ack,0x00000002,0x00000002
420,732.345532,0x0014,0x0007,IEEE 802.15.4,50,"Data, Dst: 0x0007, Src: 0x0014",0x00000001,0x00008861
421,732.345985,,,IEEE 802.15.4,5,Ack,0x00000002,0x00000002
422,734.616254,0x0014,0x0007,IEEE 802.15.4,50,"Data, Dst: 0x0007, Src: 0x0014",0x00000001,0x00008861
423,734.616712,,,IEEE 802.15.4,5,Ack,0x00000002,0x00000002
424,736.890114,0x0014,0x0007,IEEE 802.15.4,50,"Data, Dst: 0x0007, Src: 0x0014",0x00000001,0x00008861
425,736.890563,,,IEEE 802.15.4,5,Ack,0x00000002,0x00000002
426,739.163997,0x0014,0x0007,IEEE 802.15.4,50,"Data, Dst: 0x0007, Src: 0x0014",0x00000001,0x00008861
427,739.1644,,,IEEE 802.15.4,5,Ack,0x00000002,0x00000002
428,741.440764,0x0014,0x0007,IEEE 802.15.4,50,"Data, Dst: 0x0007, Src: 0x0014",0x00000001,0x00008861
429,741.441044,,,IEEE 802.15.4,5,Ack,0x00000002,0x00000002
430,743.711886,,,IEEE 802.15.4,5,Ack,0x00000002,0x00000002
431,745.988587,,,IEEE 802.15.4,5,Ack,0x00000002,0x00000002
432,748.259555,,,IEEE 802.15.4,5,Ack,0x00000002,0x00000002
433,750.533186,0x0014,0x0007,IEEE 802.15.4,50,"Data, Dst: 0x0007, Src: 0x0014",0x00000001,0x00008861
434,750.533525,,,IEEE 802.15.4,5,Ack,0x00000002,0x00000002
435,752.809889,0x0014,0x0007,IEEE 802.15.4,50,"Data, Dst: 0x0007, Src: 0x0014",0x00000001,0x00008861
436,752.810245,,,IEEE 802.15.4,5,Ack,0x00000002,0x00000002
437,755.081071,0x0014,0x0007,IEEE 802.15.4,50,"Data, Dst: 0x0007, Src: 0x0014",0x00000001,0x00008861
438,755.081494,,,IEEE 802.15.4,5,Ack,0x00000002,0x00000002
439,757.355044,0x0014,0x0007,IEEE 802.15.4,50,"Data, Dst: 0x0007, Src: 0x0014",0x00000001,0x00008861
440,757.355448,,,IEEE 802.15.4,5,Ack,0x00000002,0x00000002
441,759.632263,0x0014,0x0007,IEEE 802.15.4,50,"Data, Dst: 0x0007, Src: 0x0014",0x00000001,0x00008861
442,759.6327,,,IEEE 802.15.4,5,Ack,0x00000002,0x00000002
443,761.902719,0x0014,0x0007,IEEE 802.15.4,50,"Data, Dst: 0x0007, Src: 0x0014",0x00000001,0x00008861
444,761.903002,,,IEEE 802.15.4,5,Ack,0x00000002,0x00000002
445,764.17997,0x0014,0x0007,IEEE 802.15.4,50,"Data, Dst: 0x0007, Src: 0x0014",0x00000001,0x00008861
446,764.180306,,,IEEE 802.15.4,5,Ack,0x00000002,0x00000002
447,766.450565,0x0014,0x0007,6LoWPAN,50,"Data, Dst: 0x0007, Src: 0x0014[Malformed Packet]",0x00000001,0x00008861
448,766.451017,,,IEEE 802.15.4,5,Ack,0x00000002,0x00000002
449,768.726174,0x0014,0x0007,IEEE 802.15.4,50,"Data, Dst: 0x0007, Src: 0x0014, Bad FCS",0x00000001,0x00008861
450,768.726612,,,IEEE 802.15.4,5,Ack,0x00000002,0x00000002
451,770.998021,2c64:6874:3232:5f32:2c32:332e:3230:2c31,382e:3430:2c30:2c30:2c30:2c30:2c30:d0a,NHRP,50,[Malformed Packet],0x00000001,0x00008861
452,770.998474,,,IEEE 802.15.4,5,Ack,0x00000002,0x00000002
453,773.273987,2c64:6874:3232:5f32:2c32:332e:3330:2c31,382e:3230:2c30:2c30:2c30:2c30:2c30:d0a,NHRP,50,[Malformed Packet],0x00000001,0x00008861
454,773.274334,,,IEEE 802.15.4,5,Ack,0x00000002,0x00000002
455,775.548442,,,IEEE 802.15.4,5,Ack,0x00000002,0x00000002
456,777.822047,362c:6468:7432:325f:322c:3233:2e33:302c,3138:2e36:302c:302c:302c:302c:302c:300d,IPv6,50,IPv6 no next header,0x00000001,0x00008861
457,777.822399,,,IEEE 802.15.4,5,Ack,0x00000002,0x00000002
458,780.096812,362c:6468:7432:325f:322c:3233:2e33:302c,3138:2e35:302c:302c:302c:302c:302c:300d,IPv6,50,IPv6 no next header,0x00000001,0x00008861
459,780.097251,,,IEEE 802.15.4,5,Ack,0x00000002,0x00000002
460,782.367882,362c:6468:7432:325f:322c:3233:2e33:302c,3138:2e39:302c:302c:302c:302c:302c:300d,IPv6,50,IPv6 no next header,0x00000001,0x00008861
461,782.368214,,,IEEE 802.15.4,5,Ack,0x00000002,0x00000002
462,784.641666,2c64:6874:3232:5f32:2c32:332e:3230:2c31,382e:3630:2c30:2c30:2c30:2c30:2c30:d0a,IPv6,50,Unknown IP Protocol: Ipsilon Flow (101),0x00000001,0x00008861
463,784.642052,,,IEEE 802.15.4,5,Ack,0x00000002,0x00000002
464,786.918279,0x0014,0x0007,IEEE 802.15.4,50,"Data, Dst: 0x0007, Src: 0x0014, Bad FCS",0x00000001,0x00008861
465,786.918698,,,IEEE 802.15.4,5,Ack,0x00000002,0x00000002
466,789.189512,362c:6468:7432:325f:322c:3233:2e33:302c,3138:2e36:302c:302c:302c:302c:302c:300d,IPv6,50,Unknown IP Protocol: Ipsilon Flow (101),0x00000001,0x00008861
467,789.189909,,,IEEE 802.15.4,5,Ack,0x00000002,0x00000002
468,791.463421,362c:6468:7432:325f:322c:3233:2e33:302c,3138:2e37:302c:302c:302c:302c:302c:300d,IPv6,50,Unknown IP Protocol: Ipsilon Flow (101),0x00000001,0x00008861
469,791.463688,,,IEEE 802.15.4,5,Ack,0x00000002,0x00000002
470,793.739772,362c:6468:7432:325f:322c:3233:2e33:302c,3138:2e36:302c:302c:302c:302c:302c:300d,IPv6,50,IPv6 no next header,0x00000001,0x00008861
471,793.740129,,,IEEE 802.15.4,5,Ack,0x00000002,0x00000002
472,796.011285,6536:2c64:6874:3232:5f32:2c32:332e:3330,2c31:382e:3730:2c30:2c30:2c30:2c30:2c30,IPv6,50,IPv6 no next header,0x00000001,0x00008861
473,796.01174,,,IEEE 802.15.4,5,Ack,0x00000002,0x00000002
474,798.285152,6536:2c64:6874:3232:5f32:2c32:332e:3330,2c31:382e:3430:2c30:2c30:2c30:2c30:2c30,IPv6,50,IPv6 no next header,0x00000001,0x00008861
475,798.285576,,,IEEE 802.15.4,5,Ack,0x00000002,0x00000002
476,800.558867,6536:2c64:6874:3232:5f32:2c32:332e:3330,2c31:382e:3430:2c30:2c30:2c30:2c30:2c30,IPv6,50,IPv6 no next header,0x00000001,0x00008861
477,800.559308,,,IEEE 802.15.4,5,Ack,0x00000002,0x00000002
478,802.83284,6536:2c64:6874:3232:5f32:2c32:332e:3330,2c31:382e:3530:2c30:2c30:2c30:2c30:2c30,IPv6,50,Unknown IP Protocol: IPX IN IP (111),0x00000001,0x00008861
479,802.833068,,,IEEE 802.15.4,5,Ack,0x00000002,0x00000002
480,805.108618,,,IEEE 802.15.4,5,Ack,0x00000002,0x00000002
481,807.380689,6465:362c:6468:7432:325f:322c:3233:2e33,302c:3138:2e37:302c:302c:302c:302c:302c,IPv6,50,Unknown IP Protocol: IPX IN IP (111),0x00000001,0x00008861
482,807.381123,,,IEEE 802.15.4,5,Ack,0x00000002,0x00000002
483,809.658098,,,IEEE 802.15.4,5,Ack,0x00000002,0x00000002
484,811.931787,6465:362c:6468:7432:325f:322c:3233:2e33,302c:3138:2e39:302c:302c:302c:302c:302c,IPv6,50,IPv6 no next header,0x00000001,0x00008861
485,811.932182,,,IEEE 802.15.4,5,Ack,0x00000002,0x00000002
486,814.202826,,,IEEE 802.15.4,5,Ack,0x00000002,0x00000002
487,816.478192,6f64:6536:2c64:6874:3232:5f32:2c32:332e,3330:2c31:392e:3130:2c30:2c30:2c30:2c30,IPv6,50,IPv6 no next header,0x00000001,0x00008861
488,816.478535,,,IEEE 802.15.4,5,Ack,0x00000002,0x00000002
489,818.750563,,,IEEE 802.15.4,5,Ack,0x00000002,0x00000002
490,821.02739,6465:362c:6468:7432:325f:322c:3233:2e33,302c:3139:2e32:302c:302c:302c:302c:302c,IPv6,50,Unknown IP Protocol: Compaq Peer (110),0x00000001,0x00008861
491,821.027874,,,IEEE 802.15.4,5,Ack,0x00000002,0x00000002
492,823.29834,,,IEEE 802.15.4,5,Ack,0x00000002,0x00000002
493,825.574352,0x0014,0x0007,IEEE 802.15.4,50,"Data, Dst: 0x0007, Src: 0x0014, Bad FCS",0x00000001,0x00008861
494,825.574814,,,IEEE 802.15.4,5,Ack,0x00000002,0x00000002
495,827.845967,,,IEEE 802.15.4,50,Data,0x00000001,0x00008261
496,827.846195,,,IEEE 802.15.4,5,Ack,0x00000002,0x00000002
497,830.121786,6f64:6536:2c64:6874:3232:5f32:2c32:332e,3330:2c31:382e:3730:2c30:2c30:2c30:2c30,IPv6,50,IPv6 no next header,0x00000001,0x00008861
498,830.12213,,,IEEE 802.15.4,5,Ack,0x00000002,0x00000002
499,832.393701,6e6f:6465:362c:6468:7432:325f:322c:3233,2e33:302c:3138:2e36:302c:302c:302c:302c,IPv6,50,IPv6 no next header,0x00000001,0x00008861
500,832.394023,,,IEEE 802.15.4,5,Ack,0x00000002,0x00000002
501,834.669316,6e6f:6465:362c:6468:7432:325f:322c:3233,2e33:302c:3138:2e39:302c:302c:302c:302c,IPv6,50,IPv6 no next header,0x00000001,0x00008861
502,834.66964,,,IEEE 802.15.4,5,Ack,0x00000002,0x00000002
503,836.941766,6e6f:6465:362c:6468:7432:325f:322c:3233,2e33:302c:3138:2e38:302c:302c:302c:302c,IPv6,50,IPv6 no next header,0x00000001,0x00008861
504,836.942165,,,IEEE 802.15.4,5,Ack,0x00000002,0x00000002
505,839.218349,0x0014,0x0007,IEEE 802.15.4,50,"Data, Dst: 0x0007, Src: 0x0014",0x00000001,0x00008861
506,839.218683,,,IEEE 802.15.4,5,Ack,0x00000002,0x00000002
507,841.489691,0x0014,0x0007,IEEE 802.15.4,50,"Data, Dst: 0x0007, Src: 0x0014",0x00000001,0x00008861
508,841.490031,,,IEEE 802.15.4,5,Ack,0x00000002,0x00000002
509,843.766071,0x0014,0x0007,IEEE 802.15.4,50,"Data, Dst: 0x0007, Src: 0x0014",0x00000001,0x00008861
510,843.76628,,,IEEE 802.15.4,5,Ack,0x00000002,0x00000002
511,846.037533,0x0014,0x0007,IEEE 802.15.4,50,"Data, Dst: 0x0007, Src: 0x0014, Bad FCS",0x00000001,0x00008861
512,846.040837,0x0014,0x0007,IEEE 802.15.4,50,"Data, Dst: 0x0007, Src: 0x0014",0x00000001,0x00008861
513,846.04101,,,IEEE 802.15.4,5,Ack,0x00000002,0x00000002
514,848.311378,0x6564,0x6f6e,ZigBee ,50,"APS: Data, Dst Endpt: 104, Src Endpt: 95",0x00000001,0x00008861
515,848.311683,,,IEEE 802.15.4,5,Ack,0x00000002,0x00000002
516,850.586865,0x6564,0x6f6e,ZigBee,50,Unknown Command,0x00000001,0x00008861
517,850.587107,,,IEEE 802.15.4,5,Ack,0x00000002,0x00000002
518,852.859182,0x0014,0x0007,IEEE 802.15.4,50,"Data, Dst: 0x0007, Src: 0x0014",0x00000001,0x00008861
519,852.859555,,,IEEE 802.15.4,5,Ack,0x00000002,0x00000002
520,855.136311,0x0014,0x0007,IEEE 802.15.4,50,"Data, Dst: 0x0007, Src: 0x0014",0x00000001,0x00008861
521,855.136798,,,IEEE 802.15.4,5,Ack,0x00000002,0x00000002
522,857.407033,0x6564,0x6f6e,ZigBee,50,APS: Data,0x00000001,0x00008861
523,857.407484,,,IEEE 802.15.4,5,Ack,0x00000002,0x00000002
524,859.683777,0x6564,0x6f6e,ZigBee,50,Unknown Command,0x00000001,0x00008861
525,859.684069,,,IEEE 802.15.4,5,Ack,0x00000002,0x00000002
526,861.954975,0x0014,0x0007,IEEE 802.15.4,50,"Data, Dst: 0x0007, Src: 0x0014",0x00000001,0x00008861
527,861.955428,,,IEEE 802.15.4,5,Ack,0x00000002,0x00000002
